[{"name":"CreateSessionView","qualifiedName":"CreateSessionView","href":"Screens_CreateSessionView/Screens_CreateSessionView-library.html","type":"library","overriddenDepth":0},{"name":"CreateSessionController","qualifiedName":"CreateSessionView.CreateSessionController","href":"Screens_CreateSessionView/CreateSessionController-class.html","type":"class","overriddenDepth":0,"enclosedBy":{"name":"CreateSessionView","type":"library"}},{"name":"CreateSessionController","qualifiedName":"CreateSessionView.CreateSessionController","href":"Screens_CreateSessionView/CreateSessionController/CreateSessionController.html","type":"constructor","overriddenDepth":0,"enclosedBy":{"name":"CreateSessionController","type":"class"}},{"name":"createSessionAndNavigateToSession","qualifiedName":"CreateSessionView.CreateSessionController.createSessionAndNavigateToSession","href":"Screens_CreateSessionView/CreateSessionController/createSessionAndNavigateToSession.html","type":"method","overriddenDepth":0,"enclosedBy":{"name":"CreateSessionController","type":"class"}},{"name":"fieldController","qualifiedName":"CreateSessionView.CreateSessionController.fieldController","href":"Screens_CreateSessionView/CreateSessionController/fieldController.html","type":"property","overriddenDepth":0,"enclosedBy":{"name":"CreateSessionController","type":"class"}},{"name":"formKey","qualifiedName":"CreateSessionView.CreateSessionController.formKey","href":"Screens_CreateSessionView/CreateSessionController/formKey.html","type":"property","overriddenDepth":0,"enclosedBy":{"name":"CreateSessionController","type":"class"}},{"name":"validate","qualifiedName":"CreateSessionView.CreateSessionController.validate","href":"Screens_CreateSessionView/CreateSessionController/validate.html","type":"method","overriddenDepth":0,"enclosedBy":{"name":"CreateSessionController","type":"class"}},{"name":"CreateSessionModel","qualifiedName":"CreateSessionView.CreateSessionModel","href":"Screens_CreateSessionView/CreateSessionModel-class.html","type":"class","overriddenDepth":0,"enclosedBy":{"name":"CreateSessionView","type":"library"}},{"name":"CreateSessionModel","qualifiedName":"CreateSessionView.CreateSessionModel","href":"Screens_CreateSessionView/CreateSessionModel/CreateSessionModel.html","type":"constructor","overriddenDepth":0,"enclosedBy":{"name":"CreateSessionModel","type":"class"}},{"name":"headerText","qualifiedName":"CreateSessionView.CreateSessionModel.headerText","href":"Screens_CreateSessionView/CreateSessionModel/headerText.html","type":"property","overriddenDepth":0,"enclosedBy":{"name":"CreateSessionModel","type":"class"}},{"name":"setHeaderTextTo","qualifiedName":"CreateSessionView.CreateSessionModel.setHeaderTextTo","href":"Screens_CreateSessionView/CreateSessionModel/setHeaderTextTo.html","type":"method","overriddenDepth":0,"enclosedBy":{"name":"CreateSessionModel","type":"class"}},{"name":"showErrorDialog","qualifiedName":"CreateSessionView.CreateSessionModel.showErrorDialog","href":"Screens_CreateSessionView/CreateSessionModel/showErrorDialog.html","type":"method","overriddenDepth":0,"enclosedBy":{"name":"CreateSessionModel","type":"class"}},{"name":"CreateSessionView","qualifiedName":"CreateSessionView.CreateSessionView","href":"Screens_CreateSessionView/CreateSessionView-class.html","type":"class","overriddenDepth":0,"enclosedBy":{"name":"CreateSessionView","type":"library"}},{"name":"CreateSessionView","qualifiedName":"CreateSessionView.CreateSessionView","href":"Screens_CreateSessionView/CreateSessionView/CreateSessionView.html","type":"constructor","overriddenDepth":0,"enclosedBy":{"name":"CreateSessionView","type":"class"}},{"name":"build","qualifiedName":"CreateSessionView.CreateSessionView.build","href":"Screens_CreateSessionView/CreateSessionView/build.html","type":"method","overriddenDepth":1,"enclosedBy":{"name":"CreateSessionView","type":"class"}},{"name":"viewContext","qualifiedName":"CreateSessionView.CreateSessionView.viewContext","href":"Screens_CreateSessionView/CreateSessionView/viewContext.html","type":"property","overriddenDepth":0,"enclosedBy":{"name":"CreateSessionView","type":"class"}},{"name":"Entities","qualifiedName":"Entities","href":"Managers_Entities/Managers_Entities-library.html","type":"library","overriddenDepth":0},{"name":"Location_Client","qualifiedName":"Entities.Location_Client","href":"Managers_Entities/Location_Client-class.html","type":"class","overriddenDepth":0,"enclosedBy":{"name":"Entities","type":"library"}},{"name":"Location_Client","qualifiedName":"Entities.Location_Client","href":"Managers_Entities/Location_Client/Location_Client.html","type":"constructor","overriddenDepth":0,"enclosedBy":{"name":"Location_Client","type":"class"}},{"name":"operator ==","qualifiedName":"Entities.Location_Client.==","href":"Managers_Entities/Location_Client/operator_equals.html","type":"method","overriddenDepth":0,"enclosedBy":{"name":"Location_Client","type":"class"}},{"name":"address","qualifiedName":"Entities.Location_Client.address","href":"Managers_Entities/Location_Client/address.html","type":"property","overriddenDepth":0,"enclosedBy":{"name":"Location_Client","type":"class"}},{"name":"coordinates","qualifiedName":"Entities.Location_Client.coordinates","href":"Managers_Entities/Location_Client/coordinates.html","type":"property","overriddenDepth":0,"enclosedBy":{"name":"Location_Client","type":"class"}},{"name":"hashCode","qualifiedName":"Entities.Location_Client.hashCode","href":"Managers_Entities/Location_Client/hashCode.html","type":"property","overriddenDepth":0,"enclosedBy":{"name":"Location_Client","type":"class"}},{"name":"name","qualifiedName":"Entities.Location_Client.name","href":"Managers_Entities/Location_Client/name.html","type":"property","overriddenDepth":0,"enclosedBy":{"name":"Location_Client","type":"class"}},{"name":"noSuchMethod","qualifiedName":"Entities.Location_Client.noSuchMethod","href":"Managers_Entities/Location_Client/noSuchMethod.html","type":"method","overriddenDepth":0,"enclosedBy":{"name":"Location_Client","type":"class"}},{"name":"runtimeType","qualifiedName":"Entities.Location_Client.runtimeType","href":"Managers_Entities/Location_Client/runtimeType.html","type":"property","overriddenDepth":0,"enclosedBy":{"name":"Location_Client","type":"class"}},{"name":"toString","qualifiedName":"Entities.Location_Client.toString","href":"Managers_Entities/Location_Client/toString.html","type":"method","overriddenDepth":0,"enclosedBy":{"name":"Location_Client","type":"class"}},{"name":"type","qualifiedName":"Entities.Location_Client.type","href":"Managers_Entities/Location_Client/type.html","type":"property","overriddenDepth":0,"enclosedBy":{"name":"Location_Client","type":"class"}},{"name":"Meetpoint_Client","qualifiedName":"Entities.Meetpoint_Client","href":"Managers_Entities/Meetpoint_Client-class.html","type":"class","overriddenDepth":0,"enclosedBy":{"name":"Entities","type":"library"}},{"name":"Meetpoint_Client","qualifiedName":"Entities.Meetpoint_Client","href":"Managers_Entities/Meetpoint_Client/Meetpoint_Client.html","type":"constructor","overriddenDepth":0,"enclosedBy":{"name":"Meetpoint_Client","type":"class"}},{"name":"routeImage","qualifiedName":"Entities.Meetpoint_Client.routeImage","href":"Managers_Entities/Meetpoint_Client/routeImage.html","type":"property","overriddenDepth":0,"enclosedBy":{"name":"Meetpoint_Client","type":"class"}},{"name":"routeImage2","qualifiedName":"Entities.Meetpoint_Client.routeImage2","href":"Managers_Entities/Meetpoint_Client/routeImage2.html","type":"property","overriddenDepth":0,"enclosedBy":{"name":"Meetpoint_Client","type":"class"}},{"name":"Session_Client","qualifiedName":"Entities.Session_Client","href":"Managers_Entities/Session_Client-class.html","type":"class","overriddenDepth":0,"enclosedBy":{"name":"Entities","type":"library"}},{"name":"Session_Client","qualifiedName":"Entities.Session_Client","href":"Managers_Entities/Session_Client/Session_Client.html","type":"constructor","overriddenDepth":0,"enclosedBy":{"name":"Session_Client","type":"class"}},{"name":"operator ==","qualifiedName":"Entities.Session_Client.==","href":"Managers_Entities/Session_Client/operator_equals.html","type":"method","overriddenDepth":0,"enclosedBy":{"name":"Session_Client","type":"class"}},{"name":"chosenMeetpoint","qualifiedName":"Entities.Session_Client.chosenMeetpoint","href":"Managers_Entities/Session_Client/chosenMeetpoint.html","type":"property","overriddenDepth":0,"enclosedBy":{"name":"Session_Client","type":"class"}},{"name":"chosenMeetpointIndex","qualifiedName":"Entities.Session_Client.chosenMeetpointIndex","href":"Managers_Entities/Session_Client/chosenMeetpointIndex.html","type":"property","overriddenDepth":0,"enclosedBy":{"name":"Session_Client","type":"class"}},{"name":"hashCode","qualifiedName":"Entities.Session_Client.hashCode","href":"Managers_Entities/Session_Client/hashCode.html","type":"property","overriddenDepth":0,"enclosedBy":{"name":"Session_Client","type":"class"}},{"name":"meetpoints","qualifiedName":"Entities.Session_Client.meetpoints","href":"Managers_Entities/Session_Client/meetpoints.html","type":"property","overriddenDepth":0,"enclosedBy":{"name":"Session_Client","type":"class"}},{"name":"noSuchMethod","qualifiedName":"Entities.Session_Client.noSuchMethod","href":"Managers_Entities/Session_Client/noSuchMethod.html","type":"method","overriddenDepth":0,"enclosedBy":{"name":"Session_Client","type":"class"}},{"name":"prefLocationType","qualifiedName":"Entities.Session_Client.prefLocationType","href":"Managers_Entities/Session_Client/prefLocationType.html","type":"property","overriddenDepth":0,"enclosedBy":{"name":"Session_Client","type":"class"}},{"name":"runtimeType","qualifiedName":"Entities.Session_Client.runtimeType","href":"Managers_Entities/Session_Client/runtimeType.html","type":"property","overriddenDepth":0,"enclosedBy":{"name":"Session_Client","type":"class"}},{"name":"sessionID","qualifiedName":"Entities.Session_Client.sessionID","href":"Managers_Entities/Session_Client/sessionID.html","type":"property","overriddenDepth":0,"enclosedBy":{"name":"Session_Client","type":"class"}},{"name":"timeCreated","qualifiedName":"Entities.Session_Client.timeCreated","href":"Managers_Entities/Session_Client/timeCreated.html","type":"property","overriddenDepth":0,"enclosedBy":{"name":"Session_Client","type":"class"}},{"name":"title","qualifiedName":"Entities.Session_Client.title","href":"Managers_Entities/Session_Client/title.html","type":"property","overriddenDepth":0,"enclosedBy":{"name":"Session_Client","type":"class"}},{"name":"toString","qualifiedName":"Entities.Session_Client.toString","href":"Managers_Entities/Session_Client/toString.html","type":"method","overriddenDepth":0,"enclosedBy":{"name":"Session_Client","type":"class"}},{"name":"users","qualifiedName":"Entities.Session_Client.users","href":"Managers_Entities/Session_Client/users.html","type":"property","overriddenDepth":0,"enclosedBy":{"name":"Session_Client","type":"class"}},{"name":"UserDetails_Client","qualifiedName":"Entities.UserDetails_Client","href":"Managers_Entities/UserDetails_Client-class.html","type":"class","overriddenDepth":0,"enclosedBy":{"name":"Entities","type":"library"}},{"name":"UserDetails_Client","qualifiedName":"Entities.UserDetails_Client","href":"Managers_Entities/UserDetails_Client/UserDetails_Client.html","type":"constructor","overriddenDepth":0,"enclosedBy":{"name":"UserDetails_Client","type":"class"}},{"name":"operator ==","qualifiedName":"Entities.UserDetails_Client.==","href":"Managers_Entities/UserDetails_Client/operator_equals.html","type":"method","overriddenDepth":0,"enclosedBy":{"name":"UserDetails_Client","type":"class"}},{"name":"UserDetails_Client.fromJson","qualifiedName":"Entities.UserDetails_Client.fromJson","href":"Managers_Entities/UserDetails_Client/UserDetails_Client.fromJson.html","type":"constructor","overriddenDepth":0,"enclosedBy":{"name":"UserDetails_Client","type":"class"}},{"name":"hashCode","qualifiedName":"Entities.UserDetails_Client.hashCode","href":"Managers_Entities/UserDetails_Client/hashCode.html","type":"property","overriddenDepth":0,"enclosedBy":{"name":"UserDetails_Client","type":"class"}},{"name":"name","qualifiedName":"Entities.UserDetails_Client.name","href":"Managers_Entities/UserDetails_Client/name.html","type":"property","overriddenDepth":0,"enclosedBy":{"name":"UserDetails_Client","type":"class"}},{"name":"noSuchMethod","qualifiedName":"Entities.UserDetails_Client.noSuchMethod","href":"Managers_Entities/UserDetails_Client/noSuchMethod.html","type":"method","overriddenDepth":0,"enclosedBy":{"name":"UserDetails_Client","type":"class"}},{"name":"prefStartCoords","qualifiedName":"Entities.UserDetails_Client.prefStartCoords","href":"Managers_Entities/UserDetails_Client/prefStartCoords.html","type":"property","overriddenDepth":0,"enclosedBy":{"name":"UserDetails_Client","type":"class"}},{"name":"prefTravelMode","qualifiedName":"Entities.UserDetails_Client.prefTravelMode","href":"Managers_Entities/UserDetails_Client/prefTravelMode.html","type":"property","overriddenDepth":0,"enclosedBy":{"name":"UserDetails_Client","type":"class"}},{"name":"runtimeType","qualifiedName":"Entities.UserDetails_Client.runtimeType","href":"Managers_Entities/UserDetails_Client/runtimeType.html","type":"property","overriddenDepth":0,"enclosedBy":{"name":"UserDetails_Client","type":"class"}},{"name":"toJson","qualifiedName":"Entities.UserDetails_Client.toJson","href":"Managers_Entities/UserDetails_Client/toJson.html","type":"method","overriddenDepth":0,"enclosedBy":{"name":"UserDetails_Client","type":"class"}},{"name":"toString","qualifiedName":"Entities.UserDetails_Client.toString","href":"Managers_Entities/UserDetails_Client/toString.html","type":"method","overriddenDepth":0,"enclosedBy":{"name":"UserDetails_Client","type":"class"}},{"name":"FirstStartView","qualifiedName":"FirstStartView","href":"Screens_FirstStartView/Screens_FirstStartView-library.html","type":"library","overriddenDepth":0},{"name":"FirstStartController","qualifiedName":"FirstStartView.FirstStartController","href":"Screens_FirstStartView/FirstStartController-class.html","type":"class","overriddenDepth":0,"enclosedBy":{"name":"FirstStartView","type":"library"}},{"name":"FirstStartController","qualifiedName":"FirstStartView.FirstStartController","href":"Screens_FirstStartView/FirstStartController/FirstStartController.html","type":"constructor","overriddenDepth":0,"enclosedBy":{"name":"FirstStartController","type":"class"}},{"name":"addressController","qualifiedName":"FirstStartView.FirstStartController.addressController","href":"Screens_FirstStartView/FirstStartController/addressController.html","type":"property","overriddenDepth":0,"enclosedBy":{"name":"FirstStartController","type":"class"}},{"name":"formKey","qualifiedName":"FirstStartView.FirstStartController.formKey","href":"Screens_FirstStartView/FirstStartController/formKey.html","type":"property","overriddenDepth":0,"enclosedBy":{"name":"FirstStartController","type":"class"}},{"name":"nameController","qualifiedName":"FirstStartView.FirstStartController.nameController","href":"Screens_FirstStartView/FirstStartController/nameController.html","type":"property","overriddenDepth":0,"enclosedBy":{"name":"FirstStartController","type":"class"}},{"name":"navigateToHome","qualifiedName":"FirstStartView.FirstStartController.navigateToHome","href":"Screens_FirstStartView/FirstStartController/navigateToHome.html","type":"method","overriddenDepth":0,"enclosedBy":{"name":"FirstStartController","type":"class"}},{"name":"save","qualifiedName":"FirstStartView.FirstStartController.save","href":"Screens_FirstStartView/FirstStartController/save.html","type":"method","overriddenDepth":0,"enclosedBy":{"name":"FirstStartController","type":"class"}},{"name":"updatePreference","qualifiedName":"FirstStartView.FirstStartController.updatePreference","href":"Screens_FirstStartView/FirstStartController/updatePreference.html","type":"method","overriddenDepth":0,"enclosedBy":{"name":"FirstStartController","type":"class"}},{"name":"validate","qualifiedName":"FirstStartView.FirstStartController.validate","href":"Screens_FirstStartView/FirstStartController/validate.html","type":"method","overriddenDepth":0,"enclosedBy":{"name":"FirstStartController","type":"class"}},{"name":"FirstStartModel","qualifiedName":"FirstStartView.FirstStartModel","href":"Screens_FirstStartView/FirstStartModel-class.html","type":"class","overriddenDepth":0,"enclosedBy":{"name":"FirstStartView","type":"library"}},{"name":"FirstStartModel","qualifiedName":"FirstStartView.FirstStartModel","href":"Screens_FirstStartView/FirstStartModel/FirstStartModel.html","type":"constructor","overriddenDepth":0,"enclosedBy":{"name":"FirstStartModel","type":"class"}},{"name":"dropdownButtonValue","qualifiedName":"FirstStartView.FirstStartModel.dropdownButtonValue","href":"Screens_FirstStartView/FirstStartModel/dropdownButtonValue.html","type":"property","overriddenDepth":0,"enclosedBy":{"name":"FirstStartModel","type":"class"}},{"name":"items","qualifiedName":"FirstStartView.FirstStartModel.items","href":"Screens_FirstStartView/FirstStartModel/items.html","type":"property","overriddenDepth":0,"enclosedBy":{"name":"FirstStartModel","type":"class"}},{"name":"loadTiles","qualifiedName":"FirstStartView.FirstStartModel.loadTiles","href":"Screens_FirstStartView/FirstStartModel/loadTiles.html","type":"method","overriddenDepth":0,"enclosedBy":{"name":"FirstStartModel","type":"class"}},{"name":"updateDropdownValue","qualifiedName":"FirstStartView.FirstStartModel.updateDropdownValue","href":"Screens_FirstStartView/FirstStartModel/updateDropdownValue.html","type":"method","overriddenDepth":0,"enclosedBy":{"name":"FirstStartModel","type":"class"}},{"name":"FirstStartView","qualifiedName":"FirstStartView.FirstStartView","href":"Screens_FirstStartView/FirstStartView-class.html","type":"class","overriddenDepth":0,"enclosedBy":{"name":"FirstStartView","type":"library"}},{"name":"FirstStartView","qualifiedName":"FirstStartView.FirstStartView","href":"Screens_FirstStartView/FirstStartView/FirstStartView.html","type":"constructor","overriddenDepth":0,"enclosedBy":{"name":"FirstStartView","type":"class"}},{"name":"build","qualifiedName":"FirstStartView.FirstStartView.build","href":"Screens_FirstStartView/FirstStartView/build.html","type":"method","overriddenDepth":1,"enclosedBy":{"name":"FirstStartView","type":"class"}},{"name":"r","qualifiedName":"FirstStartView.FirstStartView.r","href":"Screens_FirstStartView/FirstStartView/r.html","type":"property","overriddenDepth":0,"enclosedBy":{"name":"FirstStartView","type":"class"}},{"name":"HomeView","qualifiedName":"HomeView","href":"Screens_HomeView/Screens_HomeView-library.html","type":"library","overriddenDepth":0},{"name":"HomeController","qualifiedName":"HomeView.HomeController","href":"Screens_HomeView/HomeController-class.html","type":"class","overriddenDepth":0,"enclosedBy":{"name":"HomeView","type":"library"}},{"name":"HomeController","qualifiedName":"HomeView.HomeController","href":"Screens_HomeView/HomeController/HomeController.html","type":"constructor","overriddenDepth":0,"enclosedBy":{"name":"HomeController","type":"class"}},{"name":"isMounted","qualifiedName":"HomeView.HomeController.isMounted","href":"Screens_HomeView/HomeController/isMounted.html","type":"property","overriddenDepth":0,"enclosedBy":{"name":"HomeController","type":"class"}},{"name":"navigateToCreateSession","qualifiedName":"HomeView.HomeController.navigateToCreateSession","href":"Screens_HomeView/HomeController/navigateToCreateSession.html","type":"method","overriddenDepth":0,"enclosedBy":{"name":"HomeController","type":"class"}},{"name":"navigateToFirstStartView","qualifiedName":"HomeView.HomeController.navigateToFirstStartView","href":"Screens_HomeView/HomeController/navigateToFirstStartView.html","type":"method","overriddenDepth":0,"enclosedBy":{"name":"HomeController","type":"class"}},{"name":"navigateToJoinSession","qualifiedName":"HomeView.HomeController.navigateToJoinSession","href":"Screens_HomeView/HomeController/navigateToJoinSession.html","type":"method","overriddenDepth":0,"enclosedBy":{"name":"HomeController","type":"class"}},{"name":"refresh","qualifiedName":"HomeView.HomeController.refresh","href":"Screens_HomeView/HomeController/refresh.html","type":"method","overriddenDepth":0,"enclosedBy":{"name":"HomeController","type":"class"}},{"name":"HomeModel","qualifiedName":"HomeView.HomeModel","href":"Screens_HomeView/HomeModel-class.html","type":"class","overriddenDepth":0,"enclosedBy":{"name":"HomeView","type":"library"}},{"name":"HomeModel","qualifiedName":"HomeView.HomeModel","href":"Screens_HomeView/HomeModel/HomeModel.html","type":"constructor","overriddenDepth":0,"enclosedBy":{"name":"HomeModel","type":"class"}},{"name":"body","qualifiedName":"HomeView.HomeModel.body","href":"Screens_HomeView/HomeModel/body.html","type":"property","overriddenDepth":0,"enclosedBy":{"name":"HomeModel","type":"class"}},{"name":"loadTiles","qualifiedName":"HomeView.HomeModel.loadTiles","href":"Screens_HomeView/HomeModel/loadTiles.html","type":"method","overriddenDepth":0,"enclosedBy":{"name":"HomeModel","type":"class"}},{"name":"showErrorDialog","qualifiedName":"HomeView.HomeModel.showErrorDialog","href":"Screens_HomeView/HomeModel/showErrorDialog.html","type":"method","overriddenDepth":0,"enclosedBy":{"name":"HomeModel","type":"class"}},{"name":"HomeView","qualifiedName":"HomeView.HomeView","href":"Screens_HomeView/HomeView-class.html","type":"class","overriddenDepth":0,"enclosedBy":{"name":"HomeView","type":"library"}},{"name":"HomeView","qualifiedName":"HomeView.HomeView","href":"Screens_HomeView/HomeView/HomeView.html","type":"constructor","overriddenDepth":0,"enclosedBy":{"name":"HomeView","type":"class"}},{"name":"build","qualifiedName":"HomeView.HomeView.build","href":"Screens_HomeView/HomeView/build.html","type":"method","overriddenDepth":1,"enclosedBy":{"name":"HomeView","type":"class"}},{"name":"refresh","qualifiedName":"HomeView.HomeView.refresh","href":"Screens_HomeView/HomeView/refresh.html","type":"property","overriddenDepth":0,"enclosedBy":{"name":"HomeView","type":"class"}},{"name":"viewContext","qualifiedName":"HomeView.HomeView.viewContext","href":"Screens_HomeView/HomeView/viewContext.html","type":"property","overriddenDepth":0,"enclosedBy":{"name":"HomeView","type":"class"}},{"name":"widget","qualifiedName":"HomeView.HomeView.widget","href":"Screens_HomeView/HomeView/widget.html","type":"property","overriddenDepth":0,"enclosedBy":{"name":"HomeView","type":"class"}},{"name":"HttpUtil","qualifiedName":"HttpUtil","href":"HttpUtil/HttpUtil-library.html","type":"library","overriddenDepth":0},{"name":"HttpUtil","qualifiedName":"HttpUtil.HttpUtil","href":"HttpUtil/HttpUtil-class.html","type":"class","overriddenDepth":0,"enclosedBy":{"name":"HttpUtil","type":"library"}},{"name":"HttpUtil","qualifiedName":"HttpUtil.HttpUtil","href":"HttpUtil/HttpUtil/HttpUtil.html","type":"constructor","overriddenDepth":0,"enclosedBy":{"name":"HttpUtil","type":"class"}},{"name":"operator ==","qualifiedName":"HttpUtil.HttpUtil.==","href":"HttpUtil/HttpUtil/operator_equals.html","type":"method","overriddenDepth":0,"enclosedBy":{"name":"HttpUtil","type":"class"}},{"name":"hashCode","qualifiedName":"HttpUtil.HttpUtil.hashCode","href":"HttpUtil/HttpUtil/hashCode.html","type":"property","overriddenDepth":0,"enclosedBy":{"name":"HttpUtil","type":"class"}},{"name":"noSuchMethod","qualifiedName":"HttpUtil.HttpUtil.noSuchMethod","href":"HttpUtil/HttpUtil/noSuchMethod.html","type":"method","overriddenDepth":0,"enclosedBy":{"name":"HttpUtil","type":"class"}},{"name":"postData","qualifiedName":"HttpUtil.HttpUtil.postData","href":"HttpUtil/HttpUtil/postData.html","type":"method","overriddenDepth":0,"enclosedBy":{"name":"HttpUtil","type":"class"}},{"name":"runtimeType","qualifiedName":"HttpUtil.HttpUtil.runtimeType","href":"HttpUtil/HttpUtil/runtimeType.html","type":"property","overriddenDepth":0,"enclosedBy":{"name":"HttpUtil","type":"class"}},{"name":"serverURL","qualifiedName":"HttpUtil.HttpUtil.serverURL","href":"HttpUtil/HttpUtil/serverURL.html","type":"property","overriddenDepth":0,"enclosedBy":{"name":"HttpUtil","type":"class"}},{"name":"toString","qualifiedName":"HttpUtil.HttpUtil.toString","href":"HttpUtil/HttpUtil/toString.html","type":"method","overriddenDepth":0,"enclosedBy":{"name":"HttpUtil","type":"class"}},{"name":"deployed","qualifiedName":"HttpUtil.deployed","href":"HttpUtil/deployed.html","type":"top-level property","overriddenDepth":0,"enclosedBy":{"name":"HttpUtil","type":"library"}},{"name":"InitialiserView","qualifiedName":"InitialiserView","href":"Screens_InitialiserView/Screens_InitialiserView-library.html","type":"library","overriddenDepth":0},{"name":"InitialiserController","qualifiedName":"InitialiserView.InitialiserController","href":"Screens_InitialiserView/InitialiserController-class.html","type":"class","overriddenDepth":0,"enclosedBy":{"name":"InitialiserView","type":"library"}},{"name":"InitialiserController","qualifiedName":"InitialiserView.InitialiserController","href":"Screens_InitialiserView/InitialiserController/InitialiserController.html","type":"constructor","overriddenDepth":0,"enclosedBy":{"name":"InitialiserController","type":"class"}},{"name":"initialise","qualifiedName":"InitialiserView.InitialiserController.initialise","href":"Screens_InitialiserView/InitialiserController/initialise.html","type":"method","overriddenDepth":0,"enclosedBy":{"name":"InitialiserController","type":"class"}},{"name":"InitialiserModel","qualifiedName":"InitialiserView.InitialiserModel","href":"Screens_InitialiserView/InitialiserModel-class.html","type":"class","overriddenDepth":0,"enclosedBy":{"name":"InitialiserView","type":"library"}},{"name":"InitialiserModel","qualifiedName":"InitialiserView.InitialiserModel","href":"Screens_InitialiserView/InitialiserModel/InitialiserModel.html","type":"constructor","overriddenDepth":0,"enclosedBy":{"name":"InitialiserModel","type":"class"}},{"name":"loaderText","qualifiedName":"InitialiserView.InitialiserModel.loaderText","href":"Screens_InitialiserView/InitialiserModel/loaderText.html","type":"property","overriddenDepth":0,"enclosedBy":{"name":"InitialiserModel","type":"class"}},{"name":"setLoaderTextTo","qualifiedName":"InitialiserView.InitialiserModel.setLoaderTextTo","href":"Screens_InitialiserView/InitialiserModel/setLoaderTextTo.html","type":"method","overriddenDepth":0,"enclosedBy":{"name":"InitialiserModel","type":"class"}},{"name":"showErrorDialog","qualifiedName":"InitialiserView.InitialiserModel.showErrorDialog","href":"Screens_InitialiserView/InitialiserModel/showErrorDialog.html","type":"method","overriddenDepth":0,"enclosedBy":{"name":"InitialiserModel","type":"class"}},{"name":"InitialiserView","qualifiedName":"InitialiserView.InitialiserView","href":"Screens_InitialiserView/InitialiserView-class.html","type":"class","overriddenDepth":0,"enclosedBy":{"name":"InitialiserView","type":"library"}},{"name":"InitialiserView","qualifiedName":"InitialiserView.InitialiserView","href":"Screens_InitialiserView/InitialiserView/InitialiserView.html","type":"constructor","overriddenDepth":0,"enclosedBy":{"name":"InitialiserView","type":"class"}},{"name":"build","qualifiedName":"InitialiserView.InitialiserView.build","href":"Screens_InitialiserView/InitialiserView/build.html","type":"method","overriddenDepth":1,"enclosedBy":{"name":"InitialiserView","type":"class"}},{"name":"r","qualifiedName":"InitialiserView.InitialiserView.r","href":"Screens_InitialiserView/InitialiserView/r.html","type":"property","overriddenDepth":0,"enclosedBy":{"name":"InitialiserView","type":"class"}},{"name":"view","qualifiedName":"InitialiserView.InitialiserView.view","href":"Screens_InitialiserView/InitialiserView/view.html","type":"property","overriddenDepth":0,"enclosedBy":{"name":"InitialiserView","type":"class"}},{"name":"viewContext","qualifiedName":"InitialiserView.InitialiserView.viewContext","href":"Screens_InitialiserView/InitialiserView/viewContext.html","type":"property","overriddenDepth":0,"enclosedBy":{"name":"InitialiserView","type":"class"}},{"name":"JoinSessionView","qualifiedName":"JoinSessionView","href":"Screens_JoinSessionView/Screens_JoinSessionView-library.html","type":"library","overriddenDepth":0},{"name":"JoinSessionController","qualifiedName":"JoinSessionView.JoinSessionController","href":"Screens_JoinSessionView/JoinSessionController-class.html","type":"class","overriddenDepth":0,"enclosedBy":{"name":"JoinSessionView","type":"library"}},{"name":"JoinSessionController","qualifiedName":"JoinSessionView.JoinSessionController","href":"Screens_JoinSessionView/JoinSessionController/JoinSessionController.html","type":"constructor","overriddenDepth":0,"enclosedBy":{"name":"JoinSessionController","type":"class"}},{"name":"fieldController","qualifiedName":"JoinSessionView.JoinSessionController.fieldController","href":"Screens_JoinSessionView/JoinSessionController/fieldController.html","type":"property","overriddenDepth":0,"enclosedBy":{"name":"JoinSessionController","type":"class"}},{"name":"formKey","qualifiedName":"JoinSessionView.JoinSessionController.formKey","href":"Screens_JoinSessionView/JoinSessionController/formKey.html","type":"property","overriddenDepth":0,"enclosedBy":{"name":"JoinSessionController","type":"class"}},{"name":"joinSessionAndNavigateToSession","qualifiedName":"JoinSessionView.JoinSessionController.joinSessionAndNavigateToSession","href":"Screens_JoinSessionView/JoinSessionController/joinSessionAndNavigateToSession.html","type":"method","overriddenDepth":0,"enclosedBy":{"name":"JoinSessionController","type":"class"}},{"name":"validate","qualifiedName":"JoinSessionView.JoinSessionController.validate","href":"Screens_JoinSessionView/JoinSessionController/validate.html","type":"method","overriddenDepth":0,"enclosedBy":{"name":"JoinSessionController","type":"class"}},{"name":"JoinSessionModel","qualifiedName":"JoinSessionView.JoinSessionModel","href":"Screens_JoinSessionView/JoinSessionModel-class.html","type":"class","overriddenDepth":0,"enclosedBy":{"name":"JoinSessionView","type":"library"}},{"name":"JoinSessionModel","qualifiedName":"JoinSessionView.JoinSessionModel","href":"Screens_JoinSessionView/JoinSessionModel/JoinSessionModel.html","type":"constructor","overriddenDepth":0,"enclosedBy":{"name":"JoinSessionModel","type":"class"}},{"name":"headerText","qualifiedName":"JoinSessionView.JoinSessionModel.headerText","href":"Screens_JoinSessionView/JoinSessionModel/headerText.html","type":"property","overriddenDepth":0,"enclosedBy":{"name":"JoinSessionModel","type":"class"}},{"name":"setHeaderTextTo","qualifiedName":"JoinSessionView.JoinSessionModel.setHeaderTextTo","href":"Screens_JoinSessionView/JoinSessionModel/setHeaderTextTo.html","type":"method","overriddenDepth":0,"enclosedBy":{"name":"JoinSessionModel","type":"class"}},{"name":"JoinSessionView","qualifiedName":"JoinSessionView.JoinSessionView","href":"Screens_JoinSessionView/JoinSessionView-class.html","type":"class","overriddenDepth":0,"enclosedBy":{"name":"JoinSessionView","type":"library"}},{"name":"JoinSessionView","qualifiedName":"JoinSessionView.JoinSessionView","href":"Screens_JoinSessionView/JoinSessionView/JoinSessionView.html","type":"constructor","overriddenDepth":0,"enclosedBy":{"name":"JoinSessionView","type":"class"}},{"name":"build","qualifiedName":"JoinSessionView.JoinSessionView.build","href":"Screens_JoinSessionView/JoinSessionView/build.html","type":"method","overriddenDepth":1,"enclosedBy":{"name":"JoinSessionView","type":"class"}},{"name":"LocalUserInfoManager","qualifiedName":"LocalUserInfoManager","href":"Managers_LocalUserInfoManager/Managers_LocalUserInfoManager-library.html","type":"library","overriddenDepth":0},{"name":"LocalUserInfoManager","qualifiedName":"LocalUserInfoManager.LocalUserInfoManager","href":"Managers_LocalUserInfoManager/LocalUserInfoManager-class.html","type":"class","overriddenDepth":0,"enclosedBy":{"name":"LocalUserInfoManager","type":"library"}},{"name":"LocalUserInfoManager","qualifiedName":"LocalUserInfoManager.LocalUserInfoManager","href":"Managers_LocalUserInfoManager/LocalUserInfoManager/LocalUserInfoManager.html","type":"constructor","overriddenDepth":0,"enclosedBy":{"name":"LocalUserInfoManager","type":"class"}},{"name":"operator ==","qualifiedName":"LocalUserInfoManager.LocalUserInfoManager.==","href":"Managers_LocalUserInfoManager/LocalUserInfoManager/operator_equals.html","type":"method","overriddenDepth":0,"enclosedBy":{"name":"LocalUserInfoManager","type":"class"}},{"name":"getLocalUser","qualifiedName":"LocalUserInfoManager.LocalUserInfoManager.getLocalUser","href":"Managers_LocalUserInfoManager/LocalUserInfoManager/getLocalUser.html","type":"property","overriddenDepth":0,"enclosedBy":{"name":"LocalUserInfoManager","type":"class"}},{"name":"hashCode","qualifiedName":"LocalUserInfoManager.LocalUserInfoManager.hashCode","href":"Managers_LocalUserInfoManager/LocalUserInfoManager/hashCode.html","type":"property","overriddenDepth":0,"enclosedBy":{"name":"LocalUserInfoManager","type":"class"}},{"name":"loadUser","qualifiedName":"LocalUserInfoManager.LocalUserInfoManager.loadUser","href":"Managers_LocalUserInfoManager/LocalUserInfoManager/loadUser.html","type":"method","overriddenDepth":0,"enclosedBy":{"name":"LocalUserInfoManager","type":"class"}},{"name":"noSuchMethod","qualifiedName":"LocalUserInfoManager.LocalUserInfoManager.noSuchMethod","href":"Managers_LocalUserInfoManager/LocalUserInfoManager/noSuchMethod.html","type":"method","overriddenDepth":0,"enclosedBy":{"name":"LocalUserInfoManager","type":"class"}},{"name":"runtimeType","qualifiedName":"LocalUserInfoManager.LocalUserInfoManager.runtimeType","href":"Managers_LocalUserInfoManager/LocalUserInfoManager/runtimeType.html","type":"property","overriddenDepth":0,"enclosedBy":{"name":"LocalUserInfoManager","type":"class"}},{"name":"saveUser","qualifiedName":"LocalUserInfoManager.LocalUserInfoManager.saveUser","href":"Managers_LocalUserInfoManager/LocalUserInfoManager/saveUser.html","type":"method","overriddenDepth":0,"enclosedBy":{"name":"LocalUserInfoManager","type":"class"}},{"name":"toString","qualifiedName":"LocalUserInfoManager.LocalUserInfoManager.toString","href":"Managers_LocalUserInfoManager/LocalUserInfoManager/toString.html","type":"method","overriddenDepth":0,"enclosedBy":{"name":"LocalUserInfoManager","type":"class"}},{"name":"LocationTypes","qualifiedName":"LocationTypes","href":"Standards_LocationTypes/Standards_LocationTypes-library.html","type":"library","overriddenDepth":0},{"name":"LocationTypes","qualifiedName":"LocationTypes.LocationTypes","href":"Standards_LocationTypes/LocationTypes-class.html","type":"class","overriddenDepth":0,"enclosedBy":{"name":"LocationTypes","type":"library"}},{"name":"LocationTypes","qualifiedName":"LocationTypes.LocationTypes","href":"Standards_LocationTypes/LocationTypes/LocationTypes.html","type":"constructor","overriddenDepth":0,"enclosedBy":{"name":"LocationTypes","type":"class"}},{"name":"operator ==","qualifiedName":"LocationTypes.LocationTypes.==","href":"Standards_LocationTypes/LocationTypes/operator_equals.html","type":"method","overriddenDepth":0,"enclosedBy":{"name":"LocationTypes","type":"class"}},{"name":"getList","qualifiedName":"LocationTypes.LocationTypes.getList","href":"Standards_LocationTypes/LocationTypes/getList.html","type":"property","overriddenDepth":0,"enclosedBy":{"name":"LocationTypes","type":"class"}},{"name":"hashCode","qualifiedName":"LocationTypes.LocationTypes.hashCode","href":"Standards_LocationTypes/LocationTypes/hashCode.html","type":"property","overriddenDepth":0,"enclosedBy":{"name":"LocationTypes","type":"class"}},{"name":"inList","qualifiedName":"LocationTypes.LocationTypes.inList","href":"Standards_LocationTypes/LocationTypes/inList.html","type":"method","overriddenDepth":0,"enclosedBy":{"name":"LocationTypes","type":"class"}},{"name":"noSuchMethod","qualifiedName":"LocationTypes.LocationTypes.noSuchMethod","href":"Standards_LocationTypes/LocationTypes/noSuchMethod.html","type":"method","overriddenDepth":0,"enclosedBy":{"name":"LocationTypes","type":"class"}},{"name":"runtimeType","qualifiedName":"LocationTypes.LocationTypes.runtimeType","href":"Standards_LocationTypes/LocationTypes/runtimeType.html","type":"property","overriddenDepth":0,"enclosedBy":{"name":"LocationTypes","type":"class"}},{"name":"setList","qualifiedName":"LocationTypes.LocationTypes.setList","href":"Standards_LocationTypes/LocationTypes/setList.html","type":"property","overriddenDepth":0,"enclosedBy":{"name":"LocationTypes","type":"class"}},{"name":"toString","qualifiedName":"LocationTypes.LocationTypes.toString","href":"Standards_LocationTypes/LocationTypes/toString.html","type":"method","overriddenDepth":0,"enclosedBy":{"name":"LocationTypes","type":"class"}},{"name":"MVC","qualifiedName":"MVC","href":"MVC/MVC-library.html","type":"library","overriddenDepth":0},{"name":"Controller","qualifiedName":"MVC.Controller","href":"MVC/Controller-class.html","type":"class","overriddenDepth":0,"enclosedBy":{"name":"MVC","type":"library"}},{"name":"Controller","qualifiedName":"MVC.Controller","href":"MVC/Controller/Controller.html","type":"constructor","overriddenDepth":0,"enclosedBy":{"name":"Controller","type":"class"}},{"name":"operator ==","qualifiedName":"MVC.Controller.==","href":"MVC/Controller/operator_equals.html","type":"method","overriddenDepth":0,"enclosedBy":{"name":"Controller","type":"class"}},{"name":"hashCode","qualifiedName":"MVC.Controller.hashCode","href":"MVC/Controller/hashCode.html","type":"property","overriddenDepth":0,"enclosedBy":{"name":"Controller","type":"class"}},{"name":"model","qualifiedName":"MVC.Controller.model","href":"MVC/Controller/model.html","type":"property","overriddenDepth":0,"enclosedBy":{"name":"Controller","type":"class"}},{"name":"mounted","qualifiedName":"MVC.Controller.mounted","href":"MVC/Controller/mounted.html","type":"property","overriddenDepth":0,"enclosedBy":{"name":"Controller","type":"class"}},{"name":"noSuchMethod","qualifiedName":"MVC.Controller.noSuchMethod","href":"MVC/Controller/noSuchMethod.html","type":"method","overriddenDepth":0,"enclosedBy":{"name":"Controller","type":"class"}},{"name":"runtimeType","qualifiedName":"MVC.Controller.runtimeType","href":"MVC/Controller/runtimeType.html","type":"property","overriddenDepth":0,"enclosedBy":{"name":"Controller","type":"class"}},{"name":"setViewState","qualifiedName":"MVC.Controller.setViewState","href":"MVC/Controller/setViewState.html","type":"method","overriddenDepth":0,"enclosedBy":{"name":"Controller","type":"class"}},{"name":"toString","qualifiedName":"MVC.Controller.toString","href":"MVC/Controller/toString.html","type":"method","overriddenDepth":0,"enclosedBy":{"name":"Controller","type":"class"}},{"name":"widget","qualifiedName":"MVC.Controller.widget","href":"MVC/Controller/widget.html","type":"property","overriddenDepth":0,"enclosedBy":{"name":"Controller","type":"class"}},{"name":"Model","qualifiedName":"MVC.Model","href":"MVC/Model-class.html","type":"class","overriddenDepth":0,"enclosedBy":{"name":"MVC","type":"library"}},{"name":"Model","qualifiedName":"MVC.Model","href":"MVC/Model/Model.html","type":"constructor","overriddenDepth":0,"enclosedBy":{"name":"Model","type":"class"}},{"name":"operator ==","qualifiedName":"MVC.Model.==","href":"MVC/Model/operator_equals.html","type":"method","overriddenDepth":0,"enclosedBy":{"name":"Model","type":"class"}},{"name":"hashCode","qualifiedName":"MVC.Model.hashCode","href":"MVC/Model/hashCode.html","type":"property","overriddenDepth":0,"enclosedBy":{"name":"Model","type":"class"}},{"name":"mounted","qualifiedName":"MVC.Model.mounted","href":"MVC/Model/mounted.html","type":"property","overriddenDepth":0,"enclosedBy":{"name":"Model","type":"class"}},{"name":"noSuchMethod","qualifiedName":"MVC.Model.noSuchMethod","href":"MVC/Model/noSuchMethod.html","type":"method","overriddenDepth":0,"enclosedBy":{"name":"Model","type":"class"}},{"name":"runtimeType","qualifiedName":"MVC.Model.runtimeType","href":"MVC/Model/runtimeType.html","type":"property","overriddenDepth":0,"enclosedBy":{"name":"Model","type":"class"}},{"name":"setViewState","qualifiedName":"MVC.Model.setViewState","href":"MVC/Model/setViewState.html","type":"method","overriddenDepth":0,"enclosedBy":{"name":"Model","type":"class"}},{"name":"toString","qualifiedName":"MVC.Model.toString","href":"MVC/Model/toString.html","type":"method","overriddenDepth":0,"enclosedBy":{"name":"Model","type":"class"}},{"name":"View","qualifiedName":"MVC.View","href":"MVC/View-class.html","type":"class","overriddenDepth":0,"enclosedBy":{"name":"MVC","type":"library"}},{"name":"View","qualifiedName":"MVC.View","href":"MVC/View/View.html","type":"constructor","overriddenDepth":0,"enclosedBy":{"name":"View","type":"class"}},{"name":"operator ==","qualifiedName":"MVC.View.==","href":"MVC/View/operator_equals.html","type":"method","overriddenDepth":0,"enclosedBy":{"name":"View","type":"class"}},{"name":"build","qualifiedName":"MVC.View.build","href":"MVC/View/build.html","type":"method","overriddenDepth":0,"enclosedBy":{"name":"View","type":"class"}},{"name":"controller","qualifiedName":"MVC.View.controller","href":"MVC/View/controller.html","type":"property","overriddenDepth":0,"enclosedBy":{"name":"View","type":"class"}},{"name":"createElement","qualifiedName":"MVC.View.createElement","href":"MVC/View/createElement.html","type":"method","overriddenDepth":1,"enclosedBy":{"name":"View","type":"class"}},{"name":"createState","qualifiedName":"MVC.View.createState","href":"MVC/View/createState.html","type":"method","overriddenDepth":1,"enclosedBy":{"name":"View","type":"class"}},{"name":"debugDescribeChildren","qualifiedName":"MVC.View.debugDescribeChildren","href":"MVC/View/debugDescribeChildren.html","type":"method","overriddenDepth":0,"enclosedBy":{"name":"View","type":"class"}},{"name":"debugFillProperties","qualifiedName":"MVC.View.debugFillProperties","href":"MVC/View/debugFillProperties.html","type":"method","overriddenDepth":1,"enclosedBy":{"name":"View","type":"class"}},{"name":"hashCode","qualifiedName":"MVC.View.hashCode","href":"MVC/View/hashCode.html","type":"property","overriddenDepth":0,"enclosedBy":{"name":"View","type":"class"}},{"name":"key","qualifiedName":"MVC.View.key","href":"MVC/View/key.html","type":"property","overriddenDepth":0,"enclosedBy":{"name":"View","type":"class"}},{"name":"noSuchMethod","qualifiedName":"MVC.View.noSuchMethod","href":"MVC/View/noSuchMethod.html","type":"method","overriddenDepth":0,"enclosedBy":{"name":"View","type":"class"}},{"name":"runtimeType","qualifiedName":"MVC.View.runtimeType","href":"MVC/View/runtimeType.html","type":"property","overriddenDepth":0,"enclosedBy":{"name":"View","type":"class"}},{"name":"setState","qualifiedName":"MVC.View.setState","href":"MVC/View/setState.html","type":"method","overriddenDepth":0,"enclosedBy":{"name":"View","type":"class"}},{"name":"toDiagnosticsNode","qualifiedName":"MVC.View.toDiagnosticsNode","href":"MVC/View/toDiagnosticsNode.html","type":"method","overriddenDepth":1,"enclosedBy":{"name":"View","type":"class"}},{"name":"toString","qualifiedName":"MVC.View.toString","href":"MVC/View/toString.html","type":"method","overriddenDepth":1,"enclosedBy":{"name":"View","type":"class"}},{"name":"toStringDeep","qualifiedName":"MVC.View.toStringDeep","href":"MVC/View/toStringDeep.html","type":"method","overriddenDepth":0,"enclosedBy":{"name":"View","type":"class"}},{"name":"toStringShallow","qualifiedName":"MVC.View.toStringShallow","href":"MVC/View/toStringShallow.html","type":"method","overriddenDepth":0,"enclosedBy":{"name":"View","type":"class"}},{"name":"toStringShort","qualifiedName":"MVC.View.toStringShort","href":"MVC/View/toStringShort.html","type":"method","overriddenDepth":2,"enclosedBy":{"name":"View","type":"class"}},{"name":"MoreSessionInfoView","qualifiedName":"MoreSessionInfoView","href":"Screens_MoreSessionInfoView/Screens_MoreSessionInfoView-library.html","type":"library","overriddenDepth":0},{"name":"MoreSessionInfoController","qualifiedName":"MoreSessionInfoView.MoreSessionInfoController","href":"Screens_MoreSessionInfoView/MoreSessionInfoController-class.html","type":"class","overriddenDepth":0,"enclosedBy":{"name":"MoreSessionInfoView","type":"library"}},{"name":"MoreSessionInfoController","qualifiedName":"MoreSessionInfoView.MoreSessionInfoController","href":"Screens_MoreSessionInfoView/MoreSessionInfoController/MoreSessionInfoController.html","type":"constructor","overriddenDepth":0,"enclosedBy":{"name":"MoreSessionInfoController","type":"class"}},{"name":"openInMaps","qualifiedName":"MoreSessionInfoView.MoreSessionInfoController.openInMaps","href":"Screens_MoreSessionInfoView/MoreSessionInfoController/openInMaps.html","type":"method","overriddenDepth":0,"enclosedBy":{"name":"MoreSessionInfoController","type":"class"}},{"name":"searchOnGoogle","qualifiedName":"MoreSessionInfoView.MoreSessionInfoController.searchOnGoogle","href":"Screens_MoreSessionInfoView/MoreSessionInfoController/searchOnGoogle.html","type":"method","overriddenDepth":0,"enclosedBy":{"name":"MoreSessionInfoController","type":"class"}},{"name":"MoreSessionInfoModel","qualifiedName":"MoreSessionInfoView.MoreSessionInfoModel","href":"Screens_MoreSessionInfoView/MoreSessionInfoModel-class.html","type":"class","overriddenDepth":0,"enclosedBy":{"name":"MoreSessionInfoView","type":"library"}},{"name":"MoreSessionInfoModel","qualifiedName":"MoreSessionInfoView.MoreSessionInfoModel","href":"Screens_MoreSessionInfoView/MoreSessionInfoModel/MoreSessionInfoModel.html","type":"constructor","overriddenDepth":0,"enclosedBy":{"name":"MoreSessionInfoModel","type":"class"}},{"name":"meetpoint","qualifiedName":"MoreSessionInfoView.MoreSessionInfoModel.meetpoint","href":"Screens_MoreSessionInfoView/MoreSessionInfoModel/meetpoint.html","type":"property","overriddenDepth":0,"enclosedBy":{"name":"MoreSessionInfoModel","type":"class"}},{"name":"session","qualifiedName":"MoreSessionInfoView.MoreSessionInfoModel.session","href":"Screens_MoreSessionInfoView/MoreSessionInfoModel/session.html","type":"property","overriddenDepth":0,"enclosedBy":{"name":"MoreSessionInfoModel","type":"class"}},{"name":"showErrorDialog","qualifiedName":"MoreSessionInfoView.MoreSessionInfoModel.showErrorDialog","href":"Screens_MoreSessionInfoView/MoreSessionInfoModel/showErrorDialog.html","type":"method","overriddenDepth":0,"enclosedBy":{"name":"MoreSessionInfoModel","type":"class"}},{"name":"MoreSessionInfoView","qualifiedName":"MoreSessionInfoView.MoreSessionInfoView","href":"Screens_MoreSessionInfoView/MoreSessionInfoView-class.html","type":"class","overriddenDepth":0,"enclosedBy":{"name":"MoreSessionInfoView","type":"library"}},{"name":"MoreSessionInfoView","qualifiedName":"MoreSessionInfoView.MoreSessionInfoView","href":"Screens_MoreSessionInfoView/MoreSessionInfoView/MoreSessionInfoView.html","type":"constructor","overriddenDepth":0,"enclosedBy":{"name":"MoreSessionInfoView","type":"class"}},{"name":"build","qualifiedName":"MoreSessionInfoView.MoreSessionInfoView.build","href":"Screens_MoreSessionInfoView/MoreSessionInfoView/build.html","type":"method","overriddenDepth":1,"enclosedBy":{"name":"MoreSessionInfoView","type":"class"}},{"name":"viewContext","qualifiedName":"MoreSessionInfoView.MoreSessionInfoView.viewContext","href":"Screens_MoreSessionInfoView/MoreSessionInfoView/viewContext.html","type":"property","overriddenDepth":0,"enclosedBy":{"name":"MoreSessionInfoView","type":"class"}},{"name":"SessionManager_Client","qualifiedName":"SessionManager_Client","href":"Managers_SessionManager_Client/Managers_SessionManager_Client-library.html","type":"library","overriddenDepth":0},{"name":"Field","qualifiedName":"SessionManager_Client.Field","href":"Managers_SessionManager_Client/Field-class.html","type":"class","overriddenDepth":0,"enclosedBy":{"name":"SessionManager_Client","type":"library"}},{"name":"Field","qualifiedName":"SessionManager_Client.Field","href":"Managers_SessionManager_Client/Field/Field.html","type":"constructor","overriddenDepth":0,"enclosedBy":{"name":"Field","type":"class"}},{"name":"operator ==","qualifiedName":"SessionManager_Client.Field.==","href":"Managers_SessionManager_Client/Field/operator_equals.html","type":"method","overriddenDepth":0,"enclosedBy":{"name":"Field","type":"class"}},{"name":"chosenMeetpoint","qualifiedName":"SessionManager_Client.Field.chosenMeetpoint","href":"Managers_SessionManager_Client/Field/chosenMeetpoint-constant.html","type":"constant","overriddenDepth":0,"enclosedBy":{"name":"Field","type":"class"}},{"name":"hashCode","qualifiedName":"SessionManager_Client.Field.hashCode","href":"Managers_SessionManager_Client/Field/hashCode.html","type":"property","overriddenDepth":0,"enclosedBy":{"name":"Field","type":"class"}},{"name":"noSuchMethod","qualifiedName":"SessionManager_Client.Field.noSuchMethod","href":"Managers_SessionManager_Client/Field/noSuchMethod.html","type":"method","overriddenDepth":0,"enclosedBy":{"name":"Field","type":"class"}},{"name":"preferredLocationType","qualifiedName":"SessionManager_Client.Field.preferredLocationType","href":"Managers_SessionManager_Client/Field/preferredLocationType-constant.html","type":"constant","overriddenDepth":0,"enclosedBy":{"name":"Field","type":"class"}},{"name":"runtimeType","qualifiedName":"SessionManager_Client.Field.runtimeType","href":"Managers_SessionManager_Client/Field/runtimeType.html","type":"property","overriddenDepth":0,"enclosedBy":{"name":"Field","type":"class"}},{"name":"toString","qualifiedName":"SessionManager_Client.Field.toString","href":"Managers_SessionManager_Client/Field/toString.html","type":"method","overriddenDepth":0,"enclosedBy":{"name":"Field","type":"class"}},{"name":"user1Address","qualifiedName":"SessionManager_Client.Field.user1Address","href":"Managers_SessionManager_Client/Field/user1Address-constant.html","type":"constant","overriddenDepth":0,"enclosedBy":{"name":"Field","type":"class"}},{"name":"user1PreferredTravelMode","qualifiedName":"SessionManager_Client.Field.user1PreferredTravelMode","href":"Managers_SessionManager_Client/Field/user1PreferredTravelMode-constant.html","type":"constant","overriddenDepth":0,"enclosedBy":{"name":"Field","type":"class"}},{"name":"user2Address","qualifiedName":"SessionManager_Client.Field.user2Address","href":"Managers_SessionManager_Client/Field/user2Address-constant.html","type":"constant","overriddenDepth":0,"enclosedBy":{"name":"Field","type":"class"}},{"name":"user2PreferredTravelMode","qualifiedName":"SessionManager_Client.Field.user2PreferredTravelMode","href":"Managers_SessionManager_Client/Field/user2PreferredTravelMode-constant.html","type":"constant","overriddenDepth":0,"enclosedBy":{"name":"Field","type":"class"}},{"name":"Methods","qualifiedName":"SessionManager_Client.Methods","href":"Managers_SessionManager_Client/Methods-class.html","type":"class","overriddenDepth":0,"enclosedBy":{"name":"SessionManager_Client","type":"library"}},{"name":"Methods","qualifiedName":"SessionManager_Client.Methods","href":"Managers_SessionManager_Client/Methods/Methods.html","type":"constructor","overriddenDepth":0,"enclosedBy":{"name":"Methods","type":"class"}},{"name":"operator ==","qualifiedName":"SessionManager_Client.Methods.==","href":"Managers_SessionManager_Client/Methods/operator_equals.html","type":"method","overriddenDepth":0,"enclosedBy":{"name":"Methods","type":"class"}},{"name":"calculate","qualifiedName":"SessionManager_Client.Methods.calculate","href":"Managers_SessionManager_Client/Methods/calculate-constant.html","type":"constant","overriddenDepth":0,"enclosedBy":{"name":"Methods","type":"class"}},{"name":"createSession","qualifiedName":"SessionManager_Client.Methods.createSession","href":"Managers_SessionManager_Client/Methods/createSession-constant.html","type":"constant","overriddenDepth":0,"enclosedBy":{"name":"Methods","type":"class"}},{"name":"deleteSession","qualifiedName":"SessionManager_Client.Methods.deleteSession","href":"Managers_SessionManager_Client/Methods/deleteSession-constant.html","type":"constant","overriddenDepth":0,"enclosedBy":{"name":"Methods","type":"class"}},{"name":"editSession","qualifiedName":"SessionManager_Client.Methods.editSession","href":"Managers_SessionManager_Client/Methods/editSession-constant.html","type":"constant","overriddenDepth":0,"enclosedBy":{"name":"Methods","type":"class"}},{"name":"getSessions","qualifiedName":"SessionManager_Client.Methods.getSessions","href":"Managers_SessionManager_Client/Methods/getSessions-constant.html","type":"constant","overriddenDepth":0,"enclosedBy":{"name":"Methods","type":"class"}},{"name":"getUpdate","qualifiedName":"SessionManager_Client.Methods.getUpdate","href":"Managers_SessionManager_Client/Methods/getUpdate-constant.html","type":"constant","overriddenDepth":0,"enclosedBy":{"name":"Methods","type":"class"}},{"name":"hashCode","qualifiedName":"SessionManager_Client.Methods.hashCode","href":"Managers_SessionManager_Client/Methods/hashCode.html","type":"property","overriddenDepth":0,"enclosedBy":{"name":"Methods","type":"class"}},{"name":"joinSession","qualifiedName":"SessionManager_Client.Methods.joinSession","href":"Managers_SessionManager_Client/Methods/joinSession-constant.html","type":"constant","overriddenDepth":0,"enclosedBy":{"name":"Methods","type":"class"}},{"name":"noSuchMethod","qualifiedName":"SessionManager_Client.Methods.noSuchMethod","href":"Managers_SessionManager_Client/Methods/noSuchMethod.html","type":"method","overriddenDepth":0,"enclosedBy":{"name":"Methods","type":"class"}},{"name":"runtimeType","qualifiedName":"SessionManager_Client.Methods.runtimeType","href":"Managers_SessionManager_Client/Methods/runtimeType.html","type":"property","overriddenDepth":0,"enclosedBy":{"name":"Methods","type":"class"}},{"name":"saveUser","qualifiedName":"SessionManager_Client.Methods.saveUser","href":"Managers_SessionManager_Client/Methods/saveUser-constant.html","type":"constant","overriddenDepth":0,"enclosedBy":{"name":"Methods","type":"class"}},{"name":"toString","qualifiedName":"SessionManager_Client.Methods.toString","href":"Managers_SessionManager_Client/Methods/toString.html","type":"method","overriddenDepth":0,"enclosedBy":{"name":"Methods","type":"class"}},{"name":"SessionManager_Client","qualifiedName":"SessionManager_Client.SessionManager_Client","href":"Managers_SessionManager_Client/SessionManager_Client-class.html","type":"class","overriddenDepth":0,"enclosedBy":{"name":"SessionManager_Client","type":"library"}},{"name":"SessionManager_Client","qualifiedName":"SessionManager_Client.SessionManager_Client","href":"Managers_SessionManager_Client/SessionManager_Client/SessionManager_Client.html","type":"constructor","overriddenDepth":0,"enclosedBy":{"name":"SessionManager_Client","type":"class"}},{"name":"operator ==","qualifiedName":"SessionManager_Client.SessionManager_Client.==","href":"Managers_SessionManager_Client/SessionManager_Client/operator_equals.html","type":"method","overriddenDepth":0,"enclosedBy":{"name":"SessionManager_Client","type":"class"}},{"name":"calcMeetpoint","qualifiedName":"SessionManager_Client.SessionManager_Client.calcMeetpoint","href":"Managers_SessionManager_Client/SessionManager_Client/calcMeetpoint.html","type":"method","overriddenDepth":0,"enclosedBy":{"name":"SessionManager_Client","type":"class"}},{"name":"createSession","qualifiedName":"SessionManager_Client.SessionManager_Client.createSession","href":"Managers_SessionManager_Client/SessionManager_Client/createSession.html","type":"method","overriddenDepth":0,"enclosedBy":{"name":"SessionManager_Client","type":"class"}},{"name":"deleteSession","qualifiedName":"SessionManager_Client.SessionManager_Client.deleteSession","href":"Managers_SessionManager_Client/SessionManager_Client/deleteSession.html","type":"method","overriddenDepth":0,"enclosedBy":{"name":"SessionManager_Client","type":"class"}},{"name":"fetchSessions","qualifiedName":"SessionManager_Client.SessionManager_Client.fetchSessions","href":"Managers_SessionManager_Client/SessionManager_Client/fetchSessions.html","type":"method","overriddenDepth":0,"enclosedBy":{"name":"SessionManager_Client","type":"class"}},{"name":"getLoadedSession","qualifiedName":"SessionManager_Client.SessionManager_Client.getLoadedSession","href":"Managers_SessionManager_Client/SessionManager_Client/getLoadedSession.html","type":"property","overriddenDepth":0,"enclosedBy":{"name":"SessionManager_Client","type":"class"}},{"name":"getSessions","qualifiedName":"SessionManager_Client.SessionManager_Client.getSessions","href":"Managers_SessionManager_Client/SessionManager_Client/getSessions.html","type":"property","overriddenDepth":0,"enclosedBy":{"name":"SessionManager_Client","type":"class"}},{"name":"hashCode","qualifiedName":"SessionManager_Client.SessionManager_Client.hashCode","href":"Managers_SessionManager_Client/SessionManager_Client/hashCode.html","type":"property","overriddenDepth":0,"enclosedBy":{"name":"SessionManager_Client","type":"class"}},{"name":"joinSession","qualifiedName":"SessionManager_Client.SessionManager_Client.joinSession","href":"Managers_SessionManager_Client/SessionManager_Client/joinSession.html","type":"method","overriddenDepth":0,"enclosedBy":{"name":"SessionManager_Client","type":"class"}},{"name":"loadSession","qualifiedName":"SessionManager_Client.SessionManager_Client.loadSession","href":"Managers_SessionManager_Client/SessionManager_Client/loadSession.html","type":"method","overriddenDepth":0,"enclosedBy":{"name":"SessionManager_Client","type":"class"}},{"name":"noSuchMethod","qualifiedName":"SessionManager_Client.SessionManager_Client.noSuchMethod","href":"Managers_SessionManager_Client/SessionManager_Client/noSuchMethod.html","type":"method","overriddenDepth":0,"enclosedBy":{"name":"SessionManager_Client","type":"class"}},{"name":"requestSessionEdit","qualifiedName":"SessionManager_Client.SessionManager_Client.requestSessionEdit","href":"Managers_SessionManager_Client/SessionManager_Client/requestSessionEdit.html","type":"method","overriddenDepth":0,"enclosedBy":{"name":"SessionManager_Client","type":"class"}},{"name":"runtimeType","qualifiedName":"SessionManager_Client.SessionManager_Client.runtimeType","href":"Managers_SessionManager_Client/SessionManager_Client/runtimeType.html","type":"property","overriddenDepth":0,"enclosedBy":{"name":"SessionManager_Client","type":"class"}},{"name":"saveUser","qualifiedName":"SessionManager_Client.SessionManager_Client.saveUser","href":"Managers_SessionManager_Client/SessionManager_Client/saveUser.html","type":"method","overriddenDepth":0,"enclosedBy":{"name":"SessionManager_Client","type":"class"}},{"name":"toString","qualifiedName":"SessionManager_Client.SessionManager_Client.toString","href":"Managers_SessionManager_Client/SessionManager_Client/toString.html","type":"method","overriddenDepth":0,"enclosedBy":{"name":"SessionManager_Client","type":"class"}},{"name":"updateSession","qualifiedName":"SessionManager_Client.SessionManager_Client.updateSession","href":"Managers_SessionManager_Client/SessionManager_Client/updateSession.html","type":"method","overriddenDepth":0,"enclosedBy":{"name":"SessionManager_Client","type":"class"}},{"name":"userId","qualifiedName":"SessionManager_Client.SessionManager_Client.userId","href":"Managers_SessionManager_Client/SessionManager_Client/userId.html","type":"property","overriddenDepth":0,"enclosedBy":{"name":"SessionManager_Client","type":"class"}},{"name":"SessionView","qualifiedName":"SessionView","href":"Screens_SessionView/Screens_SessionView-library.html","type":"library","overriddenDepth":0},{"name":"SessionController","qualifiedName":"SessionView.SessionController","href":"Screens_SessionView/SessionController-class.html","type":"class","overriddenDepth":0,"enclosedBy":{"name":"SessionView","type":"library"}},{"name":"SessionController","qualifiedName":"SessionView.SessionController","href":"Screens_SessionView/SessionController/SessionController.html","type":"constructor","overriddenDepth":0,"enclosedBy":{"name":"SessionController","type":"class"}},{"name":"address1","qualifiedName":"SessionView.SessionController.address1","href":"Screens_SessionView/SessionController/address1.html","type":"property","overriddenDepth":0,"enclosedBy":{"name":"SessionController","type":"class"}},{"name":"address2","qualifiedName":"SessionView.SessionController.address2","href":"Screens_SessionView/SessionController/address2.html","type":"property","overriddenDepth":0,"enclosedBy":{"name":"SessionController","type":"class"}},{"name":"calcMeetpoints","qualifiedName":"SessionView.SessionController.calcMeetpoints","href":"Screens_SessionView/SessionController/calcMeetpoints.html","type":"method","overriddenDepth":0,"enclosedBy":{"name":"SessionController","type":"class"}},{"name":"formKey","qualifiedName":"SessionView.SessionController.formKey","href":"Screens_SessionView/SessionController/formKey.html","type":"property","overriddenDepth":0,"enclosedBy":{"name":"SessionController","type":"class"}},{"name":"isMounted","qualifiedName":"SessionView.SessionController.isMounted","href":"Screens_SessionView/SessionController/isMounted.html","type":"property","overriddenDepth":0,"enclosedBy":{"name":"SessionController","type":"class"}},{"name":"promptDelete","qualifiedName":"SessionView.SessionController.promptDelete","href":"Screens_SessionView/SessionController/promptDelete.html","type":"method","overriddenDepth":0,"enclosedBy":{"name":"SessionController","type":"class"}},{"name":"sendUpdateAddress1","qualifiedName":"SessionView.SessionController.sendUpdateAddress1","href":"Screens_SessionView/SessionController/sendUpdateAddress1.html","type":"method","overriddenDepth":0,"enclosedBy":{"name":"SessionController","type":"class"}},{"name":"sendUpdateAddress2","qualifiedName":"SessionView.SessionController.sendUpdateAddress2","href":"Screens_SessionView/SessionController/sendUpdateAddress2.html","type":"method","overriddenDepth":0,"enclosedBy":{"name":"SessionController","type":"class"}},{"name":"sendUpdatePreferredLocation","qualifiedName":"SessionView.SessionController.sendUpdatePreferredLocation","href":"Screens_SessionView/SessionController/sendUpdatePreferredLocation.html","type":"method","overriddenDepth":0,"enclosedBy":{"name":"SessionController","type":"class"}},{"name":"sendUpdatePreferredTravelMode1","qualifiedName":"SessionView.SessionController.sendUpdatePreferredTravelMode1","href":"Screens_SessionView/SessionController/sendUpdatePreferredTravelMode1.html","type":"method","overriddenDepth":0,"enclosedBy":{"name":"SessionController","type":"class"}},{"name":"sendUpdatePreferredTravelMode2","qualifiedName":"SessionView.SessionController.sendUpdatePreferredTravelMode2","href":"Screens_SessionView/SessionController/sendUpdatePreferredTravelMode2.html","type":"method","overriddenDepth":0,"enclosedBy":{"name":"SessionController","type":"class"}},{"name":"session","qualifiedName":"SessionView.SessionController.session","href":"Screens_SessionView/SessionController/session.html","type":"property","overriddenDepth":0,"enclosedBy":{"name":"SessionController","type":"class"}},{"name":"updateAddress1","qualifiedName":"SessionView.SessionController.updateAddress1","href":"Screens_SessionView/SessionController/updateAddress1.html","type":"method","overriddenDepth":0,"enclosedBy":{"name":"SessionController","type":"class"}},{"name":"updateAddress2","qualifiedName":"SessionView.SessionController.updateAddress2","href":"Screens_SessionView/SessionController/updateAddress2.html","type":"method","overriddenDepth":0,"enclosedBy":{"name":"SessionController","type":"class"}},{"name":"updatePreferredLocation","qualifiedName":"SessionView.SessionController.updatePreferredLocation","href":"Screens_SessionView/SessionController/updatePreferredLocation.html","type":"method","overriddenDepth":0,"enclosedBy":{"name":"SessionController","type":"class"}},{"name":"updatePreferredTravelMode1","qualifiedName":"SessionView.SessionController.updatePreferredTravelMode1","href":"Screens_SessionView/SessionController/updatePreferredTravelMode1.html","type":"method","overriddenDepth":0,"enclosedBy":{"name":"SessionController","type":"class"}},{"name":"updatePreferredTravelMode2","qualifiedName":"SessionView.SessionController.updatePreferredTravelMode2","href":"Screens_SessionView/SessionController/updatePreferredTravelMode2.html","type":"method","overriddenDepth":0,"enclosedBy":{"name":"SessionController","type":"class"}},{"name":"updated","qualifiedName":"SessionView.SessionController.updated","href":"Screens_SessionView/SessionController/updated.html","type":"property","overriddenDepth":0,"enclosedBy":{"name":"SessionController","type":"class"}},{"name":"validate","qualifiedName":"SessionView.SessionController.validate","href":"Screens_SessionView/SessionController/validate.html","type":"method","overriddenDepth":0,"enclosedBy":{"name":"SessionController","type":"class"}},{"name":"SessionModel","qualifiedName":"SessionView.SessionModel","href":"Screens_SessionView/SessionModel-class.html","type":"class","overriddenDepth":0,"enclosedBy":{"name":"SessionView","type":"library"}},{"name":"SessionModel","qualifiedName":"SessionView.SessionModel","href":"Screens_SessionView/SessionModel/SessionModel.html","type":"constructor","overriddenDepth":0,"enclosedBy":{"name":"SessionModel","type":"class"}},{"name":"blankMapsDisplay","qualifiedName":"SessionView.SessionModel.blankMapsDisplay","href":"Screens_SessionView/SessionModel/blankMapsDisplay.html","type":"method","overriddenDepth":0,"enclosedBy":{"name":"SessionModel","type":"class"}},{"name":"chosenMeetpointIndex","qualifiedName":"SessionView.SessionModel.chosenMeetpointIndex","href":"Screens_SessionView/SessionModel/chosenMeetpointIndex.html","type":"property","overriddenDepth":0,"enclosedBy":{"name":"SessionModel","type":"class"}},{"name":"isMounted","qualifiedName":"SessionView.SessionModel.isMounted","href":"Screens_SessionView/SessionModel/isMounted.html","type":"property","overriddenDepth":0,"enclosedBy":{"name":"SessionModel","type":"class"}},{"name":"mapImages","qualifiedName":"SessionView.SessionModel.mapImages","href":"Screens_SessionView/SessionModel/mapImages.html","type":"method","overriddenDepth":0,"enclosedBy":{"name":"SessionModel","type":"class"}},{"name":"mapTitleBar","qualifiedName":"SessionView.SessionModel.mapTitleBar","href":"Screens_SessionView/SessionModel/mapTitleBar.html","type":"method","overriddenDepth":0,"enclosedBy":{"name":"SessionModel","type":"class"}},{"name":"mapsDisplay","qualifiedName":"SessionView.SessionModel.mapsDisplay","href":"Screens_SessionView/SessionModel/mapsDisplay.html","type":"property","overriddenDepth":0,"enclosedBy":{"name":"SessionModel","type":"class"}},{"name":"pagedMapsDisplay","qualifiedName":"SessionView.SessionModel.pagedMapsDisplay","href":"Screens_SessionView/SessionModel/pagedMapsDisplay.html","type":"method","overriddenDepth":0,"enclosedBy":{"name":"SessionModel","type":"class"}},{"name":"preferredLocationType","qualifiedName":"SessionView.SessionModel.preferredLocationType","href":"Screens_SessionView/SessionModel/preferredLocationType.html","type":"property","overriddenDepth":0,"enclosedBy":{"name":"SessionModel","type":"class"}},{"name":"preferredTravelMode1","qualifiedName":"SessionView.SessionModel.preferredTravelMode1","href":"Screens_SessionView/SessionModel/preferredTravelMode1.html","type":"property","overriddenDepth":0,"enclosedBy":{"name":"SessionModel","type":"class"}},{"name":"preferredTravelMode2","qualifiedName":"SessionView.SessionModel.preferredTravelMode2","href":"Screens_SessionView/SessionModel/preferredTravelMode2.html","type":"property","overriddenDepth":0,"enclosedBy":{"name":"SessionModel","type":"class"}},{"name":"session","qualifiedName":"SessionView.SessionModel.session","href":"Screens_SessionView/SessionModel/session.html","type":"property","overriddenDepth":0,"enclosedBy":{"name":"SessionModel","type":"class"}},{"name":"showErrorDialog","qualifiedName":"SessionView.SessionModel.showErrorDialog","href":"Screens_SessionView/SessionModel/showErrorDialog.html","type":"method","overriddenDepth":0,"enclosedBy":{"name":"SessionModel","type":"class"}},{"name":"singlePageDisplay","qualifiedName":"SessionView.SessionModel.singlePageDisplay","href":"Screens_SessionView/SessionModel/singlePageDisplay.html","type":"method","overriddenDepth":0,"enclosedBy":{"name":"SessionModel","type":"class"}},{"name":"updateChosenMeetpoint","qualifiedName":"SessionView.SessionModel.updateChosenMeetpoint","href":"Screens_SessionView/SessionModel/updateChosenMeetpoint.html","type":"method","overriddenDepth":0,"enclosedBy":{"name":"SessionModel","type":"class"}},{"name":"updateMapsDisplay","qualifiedName":"SessionView.SessionModel.updateMapsDisplay","href":"Screens_SessionView/SessionModel/updateMapsDisplay.html","type":"method","overriddenDepth":0,"enclosedBy":{"name":"SessionModel","type":"class"}},{"name":"updatePreferredLocation","qualifiedName":"SessionView.SessionModel.updatePreferredLocation","href":"Screens_SessionView/SessionModel/updatePreferredLocation.html","type":"method","overriddenDepth":0,"enclosedBy":{"name":"SessionModel","type":"class"}},{"name":"updatePreferredTravelMode1","qualifiedName":"SessionView.SessionModel.updatePreferredTravelMode1","href":"Screens_SessionView/SessionModel/updatePreferredTravelMode1.html","type":"method","overriddenDepth":0,"enclosedBy":{"name":"SessionModel","type":"class"}},{"name":"updatePreferredTravelMode2","qualifiedName":"SessionView.SessionModel.updatePreferredTravelMode2","href":"Screens_SessionView/SessionModel/updatePreferredTravelMode2.html","type":"method","overriddenDepth":0,"enclosedBy":{"name":"SessionModel","type":"class"}},{"name":"SessionView","qualifiedName":"SessionView.SessionView","href":"Screens_SessionView/SessionView-class.html","type":"class","overriddenDepth":0,"enclosedBy":{"name":"SessionView","type":"library"}},{"name":"SessionView","qualifiedName":"SessionView.SessionView","href":"Screens_SessionView/SessionView/SessionView.html","type":"constructor","overriddenDepth":0,"enclosedBy":{"name":"SessionView","type":"class"}},{"name":"build","qualifiedName":"SessionView.SessionView.build","href":"Screens_SessionView/SessionView/build.html","type":"method","overriddenDepth":1,"enclosedBy":{"name":"SessionView","type":"class"}},{"name":"prefLocationTypeDropdownItems","qualifiedName":"SessionView.SessionView.prefLocationTypeDropdownItems","href":"Screens_SessionView/SessionView/prefLocationTypeDropdownItems.html","type":"method","overriddenDepth":0,"enclosedBy":{"name":"SessionView","type":"class"}},{"name":"prefTravelModeDropdownItems","qualifiedName":"SessionView.SessionView.prefTravelModeDropdownItems","href":"Screens_SessionView/SessionView/prefTravelModeDropdownItems.html","type":"method","overriddenDepth":0,"enclosedBy":{"name":"SessionView","type":"class"}},{"name":"primer","qualifiedName":"SessionView.SessionView.primer","href":"Screens_SessionView/SessionView/primer.html","type":"method","overriddenDepth":0,"enclosedBy":{"name":"SessionView","type":"class"}},{"name":"sessionIdPrompt","qualifiedName":"SessionView.SessionView.sessionIdPrompt","href":"Screens_SessionView/SessionView/sessionIdPrompt.html","type":"method","overriddenDepth":0,"enclosedBy":{"name":"SessionView","type":"class"}},{"name":"usersBar","qualifiedName":"SessionView.SessionView.usersBar","href":"Screens_SessionView/SessionView/usersBar.html","type":"method","overriddenDepth":0,"enclosedBy":{"name":"SessionView","type":"class"}},{"name":"viewContext","qualifiedName":"SessionView.SessionView.viewContext","href":"Screens_SessionView/SessionView/viewContext.html","type":"property","overriddenDepth":0,"enclosedBy":{"name":"SessionView","type":"class"}},{"name":"widget","qualifiedName":"SessionView.SessionView.widget","href":"Screens_SessionView/SessionView/widget.html","type":"property","overriddenDepth":0,"enclosedBy":{"name":"SessionView","type":"class"}},{"name":"TravelModes","qualifiedName":"TravelModes","href":"Standards_TravelModes/Standards_TravelModes-library.html","type":"library","overriddenDepth":0},{"name":"TravelModes","qualifiedName":"TravelModes.TravelModes","href":"Standards_TravelModes/TravelModes-class.html","type":"class","overriddenDepth":0,"enclosedBy":{"name":"TravelModes","type":"library"}},{"name":"TravelModes","qualifiedName":"TravelModes.TravelModes","href":"Standards_TravelModes/TravelModes/TravelModes.html","type":"constructor","overriddenDepth":0,"enclosedBy":{"name":"TravelModes","type":"class"}},{"name":"operator ==","qualifiedName":"TravelModes.TravelModes.==","href":"Standards_TravelModes/TravelModes/operator_equals.html","type":"method","overriddenDepth":0,"enclosedBy":{"name":"TravelModes","type":"class"}},{"name":"getList","qualifiedName":"TravelModes.TravelModes.getList","href":"Standards_TravelModes/TravelModes/getList.html","type":"property","overriddenDepth":0,"enclosedBy":{"name":"TravelModes","type":"class"}},{"name":"hashCode","qualifiedName":"TravelModes.TravelModes.hashCode","href":"Standards_TravelModes/TravelModes/hashCode.html","type":"property","overriddenDepth":0,"enclosedBy":{"name":"TravelModes","type":"class"}},{"name":"inList","qualifiedName":"TravelModes.TravelModes.inList","href":"Standards_TravelModes/TravelModes/inList.html","type":"method","overriddenDepth":0,"enclosedBy":{"name":"TravelModes","type":"class"}},{"name":"noSuchMethod","qualifiedName":"TravelModes.TravelModes.noSuchMethod","href":"Standards_TravelModes/TravelModes/noSuchMethod.html","type":"method","overriddenDepth":0,"enclosedBy":{"name":"TravelModes","type":"class"}},{"name":"runtimeType","qualifiedName":"TravelModes.TravelModes.runtimeType","href":"Standards_TravelModes/TravelModes/runtimeType.html","type":"property","overriddenDepth":0,"enclosedBy":{"name":"TravelModes","type":"class"}},{"name":"setList","qualifiedName":"TravelModes.TravelModes.setList","href":"Standards_TravelModes/TravelModes/setList.html","type":"property","overriddenDepth":0,"enclosedBy":{"name":"TravelModes","type":"class"}},{"name":"toString","qualifiedName":"TravelModes.TravelModes.toString","href":"Standards_TravelModes/TravelModes/toString.html","type":"method","overriddenDepth":0,"enclosedBy":{"name":"TravelModes","type":"class"}},{"name":"main","qualifiedName":"main","href":"main/main-library.html","type":"library","overriddenDepth":0},{"name":"MeetPointApp","qualifiedName":"main.MeetPointApp","href":"main/MeetPointApp-class.html","type":"class","overriddenDepth":0,"enclosedBy":{"name":"main","type":"library"}},{"name":"MeetPointApp","qualifiedName":"main.MeetPointApp","href":"main/MeetPointApp/MeetPointApp.html","type":"constructor","overriddenDepth":0,"enclosedBy":{"name":"MeetPointApp","type":"class"}},{"name":"operator ==","qualifiedName":"main.MeetPointApp.==","href":"main/MeetPointApp/operator_equals.html","type":"method","overriddenDepth":0,"enclosedBy":{"name":"MeetPointApp","type":"class"}},{"name":"build","qualifiedName":"main.MeetPointApp.build","href":"main/MeetPointApp/build.html","type":"method","overriddenDepth":1,"enclosedBy":{"name":"MeetPointApp","type":"class"}},{"name":"createElement","qualifiedName":"main.MeetPointApp.createElement","href":"main/MeetPointApp/createElement.html","type":"method","overriddenDepth":1,"enclosedBy":{"name":"MeetPointApp","type":"class"}},{"name":"debugDescribeChildren","qualifiedName":"main.MeetPointApp.debugDescribeChildren","href":"main/MeetPointApp/debugDescribeChildren.html","type":"method","overriddenDepth":0,"enclosedBy":{"name":"MeetPointApp","type":"class"}},{"name":"debugFillProperties","qualifiedName":"main.MeetPointApp.debugFillProperties","href":"main/MeetPointApp/debugFillProperties.html","type":"method","overriddenDepth":1,"enclosedBy":{"name":"MeetPointApp","type":"class"}},{"name":"hashCode","qualifiedName":"main.MeetPointApp.hashCode","href":"main/MeetPointApp/hashCode.html","type":"property","overriddenDepth":0,"enclosedBy":{"name":"MeetPointApp","type":"class"}},{"name":"key","qualifiedName":"main.MeetPointApp.key","href":"main/MeetPointApp/key.html","type":"property","overriddenDepth":0,"enclosedBy":{"name":"MeetPointApp","type":"class"}},{"name":"noSuchMethod","qualifiedName":"main.MeetPointApp.noSuchMethod","href":"main/MeetPointApp/noSuchMethod.html","type":"method","overriddenDepth":0,"enclosedBy":{"name":"MeetPointApp","type":"class"}},{"name":"runtimeType","qualifiedName":"main.MeetPointApp.runtimeType","href":"main/MeetPointApp/runtimeType.html","type":"property","overriddenDepth":0,"enclosedBy":{"name":"MeetPointApp","type":"class"}},{"name":"toDiagnosticsNode","qualifiedName":"main.MeetPointApp.toDiagnosticsNode","href":"main/MeetPointApp/toDiagnosticsNode.html","type":"method","overriddenDepth":1,"enclosedBy":{"name":"MeetPointApp","type":"class"}},{"name":"toString","qualifiedName":"main.MeetPointApp.toString","href":"main/MeetPointApp/toString.html","type":"method","overriddenDepth":1,"enclosedBy":{"name":"MeetPointApp","type":"class"}},{"name":"toStringDeep","qualifiedName":"main.MeetPointApp.toStringDeep","href":"main/MeetPointApp/toStringDeep.html","type":"method","overriddenDepth":0,"enclosedBy":{"name":"MeetPointApp","type":"class"}},{"name":"toStringShallow","qualifiedName":"main.MeetPointApp.toStringShallow","href":"main/MeetPointApp/toStringShallow.html","type":"method","overriddenDepth":0,"enclosedBy":{"name":"MeetPointApp","type":"class"}},{"name":"toStringShort","qualifiedName":"main.MeetPointApp.toStringShort","href":"main/MeetPointApp/toStringShort.html","type":"method","overriddenDepth":2,"enclosedBy":{"name":"MeetPointApp","type":"class"}},{"name":"main","qualifiedName":"main.main","href":"main/main.html","type":"function","overriddenDepth":0,"enclosedBy":{"name":"main","type":"library"}}]
